-- Crear base de datos y usarla
CREATE DATABASE IF NOT EXISTS weather_project;
USE weather_project;

-- Crear tablas
CREATE TABLE cities (
  id INT PRIMARY KEY,
  name VARCHAR(50),
  latitude FLOAT,
  longitude FLOAT
);

CREATE TABLE regions (
  id INT PRIMARY KEY,
  region_name VARCHAR(50)
);

CREATE TABLE city_region (
  city_id INT,
  region_id INT,
  FOREIGN KEY (city_id) REFERENCES cities(id),
  FOREIGN KEY (region_id) REFERENCES regions(id)
);

CREATE TABLE population (
  city_id INT,
  year INT,
  population INT,
  PRIMARY KEY (city_id, year),
  FOREIGN KEY (city_id) REFERENCES cities(id)
);

CREATE TABLE city_consumption (
  id INT PRIMARY KEY,
  city_id INT,
  year INT,
  water_m3 FLOAT,
  electricity_kwh FLOAT,
  FOREIGN KEY (city_id) REFERENCES cities(id)
);

-- Insertar regiones
INSERT INTO regions (id, region_name) VALUES
(1, 'United States'),
(2, 'United Kingdom'),
(3, 'Japan'),
(4, 'France'),
(5, 'Australia'),
(6, 'Germany'),
(7, 'Brazil'),
(8, 'Canada'),
(9, 'South Africa'),
(10, 'India'),
(11, 'Colombia'),
(12, 'Mexico'),
(13, 'Spain'),
(14, 'Russia'),
(15, 'China'),
(16, 'Italy'),
(17, 'Argentina'),
(18, 'Chile'),
(19, 'South Korea'),
(20, 'Egypt'),
(21, 'Peru'),
(22, 'Norway'),
(23, 'Netherlands'),
(24, 'Sweden'),
(25, 'New Zealand'),
(26, 'Thailand'),
(27, 'Indonesia'),
(28, 'Vietnam'),
(29, 'Turkey'),
(30, 'Ukraine'),
(31, 'Poland'),
(32, 'United Arab Emirates'),
(33, 'Singapore'),
(34, 'Austria'),
(35, 'Czech Republic'),
(36, 'Greece'),
(37, 'Ireland'),
(38, 'Finland'),
(39, 'Belgium'),
(40, 'Portugal'),
(41, 'Hungary'),
(42, 'Denmark');

-- Insertar ciudades
INSERT INTO cities (id, name, latitude, longitude) VALUES
(1, 'New York', 40.7128, -74.0060),
(2, 'London', 51.5074, -0.1278),
(3, 'Tokyo', 35.6895, 139.6917),
(4, 'Paris', 48.8566, 2.3522),
(5, 'Sydney', -33.8688, 151.2093),
(6, 'Berlin', 52.5200, 13.4050),
(7, 'Sao Paulo', -23.5505, -46.6333),
(8, 'Toronto', 43.6510, -79.3470),
(9, 'Cape Town', -33.9249, 18.4241),
(10, 'Mumbai', 19.0760, 72.8777),
(11, 'Medellin', 6.2500, -75.5600),
(12, 'Mexico City', 19.4326, -99.1332),
(13, 'Madrid', 40.4168, -3.7038),
(14, 'Moscow', 55.7558, 37.6176),
(15, 'Beijing', 39.9042, 116.4074),
(16, 'Rome', 41.9028, 12.4964),
(17, 'Buenos Aires', -34.6037, -58.3816),
(18, 'Santiago', -33.4489, -70.6693),
(19, 'Seoul', 37.5665, 126.9780),
(20, 'Cairo', 30.0444, 31.2357),
(21, 'Lima', -12.0464, -77.0428),
(22, 'Oslo', 59.9139, 10.7522),
(23, 'Amsterdam', 52.3676, 4.9041),
(24, 'Stockholm', 59.3293, 18.0686),
(25, 'Auckland', -36.8485, 174.7633),
(26, 'Bangkok', 13.7563, 100.5018),
(27, 'Jakarta', -6.2088, 106.8456),
(28, 'Hanoi', 21.0285, 105.8542),
(29, 'Istanbul', 41.0082, 28.9784),
(30, 'Kyiv', 50.4501, 30.5234),
(31, 'Warsaw', 52.2297, 21.0122),
(32, 'Dubai', 25.2048, 55.2708),
(33, 'Singapore', 1.3521, 103.8198),
(34, 'Vienna', 48.2082, 16.3738),
(35, 'Prague', 50.0755, 14.4378),
(36, 'Athens', 37.9838, 23.7275),
(37, 'Dublin', 53.3498, -6.2603),
(38, 'Helsinki', 60.1699, 24.9384),
(39, 'Brussels', 50.8503, 4.3517),
(40, 'Lisbon', 38.7223, -9.1393),
(41, 'Budapest', 47.4979, 19.0402),
(42, 'Copenhagen', 55.6761, 12.5683),
(43, 'Bogota', 4.7110, -74.0721),
(44, 'Caracas', 10.4806, -66.9036),
(45, 'Quito', -0.1807, -78.4678),
(46, 'La Paz', -16.4897, -68.1193),
(47, 'Montevideo', -34.9011, -56.1645),
(48, 'Asuncion', -25.2867, -57.3333),
(49, 'San Jose', 9.9281, -84.0907),
(50, 'Panama City', 8.9824, -79.5199),
(51, 'San Salvador', 13.6929, -89.2182),
(52, 'Guatemala City', 14.6349, -90.5069),
(53, 'Tegucigalpa', 14.0723, -87.1921),
(54, 'Managua', 12.1149, -86.2362),
(55, 'Port-au-Prince', 18.5944, -72.3074),
(56, 'Santo Domingo', 18.4861, -69.9312),
(57, 'San Juan', 18.4655, -66.1057),
(58, 'Havana', 23.1136, -82.3666),
(59, 'Kingston', 18.0179, -76.8099),
(60, 'Nassau', 25.0343, -77.3963),
(61, 'Vancouver', 49.2827, -123.1207),
(62, 'Montreal', 45.5017, -73.5673),
(63, 'Calgary', 51.0447, -114.0719),
(64, 'Edmonton', 53.5461, -113.4938),
(65, 'Ottawa', 45.4215, -75.6972),
(66, 'Quebec City', 46.8139, -71.2080),
(67, 'Winnipeg', 49.8951, -97.1384),
(68, 'Halifax', 44.6488, -63.5752),
(69, 'St Johns', 47.5615, -52.7126),
(70, 'Victoria', 48.4284, -123.3656),
(71, 'Regina', 50.4452, -104.6189),
(72, 'Saskatoon', 52.1332, -106.6700),
(73, 'Yellowknife', 62.4540, -114.3718),
(74, 'Whitehorse', 60.7212, -135.0568),
(75, 'Iqaluit', 63.7467, -68.5170),
(76, 'Charlottetown', 46.2382, -63.1311),
(77, 'Fredericton', 45.9636, -66.6431),
(78, 'Saint John', 45.2733, -66.0633),
(79, 'Moncton', 46.0878, -64.7782),
(80, 'Thunder Bay', 48.3809, -89.2477),
(81, 'Sudbury', 46.4917, -80.9930),
(82, 'Windsor', 42.3149, -83.0364),
(83, 'London ON', 42.9849, -81.2453),
(84, 'Kingston ON', 44.2312, -76.4860),
(85, 'Kelowna', 49.8880, -119.4960),
(86, 'Victoria BC', 48.4284, -123.3656),
(87, 'Nanaimo', 49.1659, -123.9401),
(88, 'Kamloops', 50.6745, -120.3273),
(89, 'Prince George', 53.9171, -122.7497),
(90, 'Fort McMurray', 56.7264, -111.3803),
(91, 'Red Deer', 52.2690, -113.8116),
(92, 'Lethbridge', 49.6956, -112.8451),
(93, 'Medicine Hat', 50.0419, -110.6768),
(94, 'Grande Prairie', 55.1699, -118.7986),
(95, 'Brandon', 49.8437, -99.9516),
(96, 'Thompson', 55.7435, -97.8558),
(97, 'Prince Albert', 53.2034, -105.7530),
(98, 'Moose Jaw', 50.3917, -105.5347),
(99, 'North Battleford', 52.7894, -108.2967),
(100, 'Estevan', 49.1392, -102.9916);

-- Asociar ciudades a regiones
INSERT INTO city_region (city_id, region_id) VALUES
(1,1),(2,2),(3,3),(4,4),(5,5),(6,6),(7,7),(8,8),(9,9),(10,10),(11,11),
(12,12),(13,13),(14,14),(15,15),(16,16),(17,17),(18,18),(19,19),(20,20),
(21,21),(22,22),(23,23),(24,24),(25,25),(26,26),(27,27),(28,28),(29,29),
(30,30),(31,31),(32,32),(33,33),(34,34),(35,35),(36,36),(37,37),(38,38),
(39,39),(40,40),(41,41),(42,42),(43,11),(44,11),(45,21),(46,17),(47,17),
(48,17),(49,11),(50,11),(51,11),(52,12),(53,12),(54,12),(55,11),(56,11),
(57,1),(58,11),(59,11),(60,11),(61,8),(62,8),(63,8),(64,8),(65,8),(66,8),
(67,8),(68,8),(69,8),(70,8),(71,8),(72,8),(73,8),(74,8),(75,8),(76,8),
(77,8),(78,8),(79,8),(80,8),(81,8),(82,8),(83,8),(84,8),(85,8),(86,8),
(87,8),(88,8),(89,8),(90,8),(91,8),(92,8),(93,8),(94,8),(95,8),(96,8),
(97,8),(98,8),(99,8),(100,8);

-- Insertar población
INSERT INTO population (city_id, year, population) VALUES
(1,2025,8097282),(2,2025,9841000),(3,2025,37036000),(4,2025,11347000),(5,2025,5249000),
(6,2025,3580000),(7,2025,22990000),(8,2025,6431000),(9,2025,5064000),(10,2025,22089000),
(11,2025,4173000),(12,2025,9200000),(13,2025,6700000),(14,2025,11920000),(15,2025,21540000),
(16,2025,2873000),(17,2025,15160000),(18,2025,6158000),(19,2025,9765000),(20,2025,10230000),
(21,2025,8847000),(22,2025,1037000),(23,2025,872800),(24,2025,975500),(25,2025,1657000),
(26,2025,10539000),(27,2025,10750000),(28,2025,8054000),(29,2025,15460000),(30,2025,2967000),
(31,2025,1793000),(32,2025,3490000),(33,2025,5686000),(34,2025,1897000),(35,2025,1309000),
(36,2025,3153000),(37,2025,1209000),(38,2025,631000),(39,2025,2081000),(40,2025,2830000),
(41,2025,1756000),(42,2025,1346000),(43,2025,7181000),(44,2025,2245000),(45,2025,2011000),
(46,2025,816000),(47,2025,1381000),(48,2025,523000),(49,2025,1358000),(50,2025,1578000),
(51,2025,567000),(52,2025,1024000),(53,2025,1190000),(54,2025,1048000),(55,2025,987000),
(56,2025,3245000),(57,2025,2989000),(58,2025,2137000),(59,2025,937000),(60,2025,428000),
(61,2025,2463000),(62,2025,4221000),(63,2025,1336000),(64,2025,932000),(65,2025,994000),
(66,2025,531000),(67,2025,749000),(68,2025,403000),(69,2025,108000),(70,2025,92000),
(71,2025,236000),(72,2025,273000),(73,2025,19000),(74,2025,25000),(75,2025,7740),
(76,2025,36000),(77,2025,58000),(78,2025,67000),(79,2025,71000),(80,2025,107000),
(81,2025,157000),(82,2025,217000),(83,2025,404000),(84,2025,123000),(85,2025,142000),
(86,2025,92000),(87,2025,99000),(88,2025,90000),(89,2025,74000),(90,2025,66000),
(91,2025,100000),(92,2025,92000),(93,2025,63000),(94,2025,69000),(95,2025,48000),
(96,2025,13000),(97,2025,35000),(98,2025,33000),(99,2025,14000),(100,2025,11000);

-- Insertar consumo
INSERT INTO city_consumption (id, city_id, year, water_m3, electricity_kwh) VALUES
(1,1,2025,3200,7400),(2,2,2025,2900,6700),(3,3,2025,4100,8000),(4,4,2025,2700,6200),(5,5,2025,2500,5900),
(6,6,2025,2300,5300),(7,7,2025,3900,7500),(8,8,2025,3000,6800),(9,9,2025,2200,5600),(10,10,2025,4400,8200),
(11,11,2025,2600,6000),(12,12,2025,3100,7100),(13,13,2025,2750,6300),(14,14,2025,3600,7700),(15,15,2025,4150,8800),
(16,16,2025,2400,5200),(17,17,2025,3850,7400),(18,18,2025,2950,6500),(19,19,2025,3500,7800),(20,20,2025,2750,6100),
(21,21,2025,2600,5900),(22,22,2025,2250,5000),(23,23,2025,2350,5100),(24,24,2025,2300,4950),(25,25,2025,2150,4700),
(26,26,2025,3700,7300),(27,27,2025,3450,6900),(28,28,2025,3250,6400),(29,29,2025,3950,7700),(30,30,2025,2450,5300),
(31,31,2025,2500,5400),(32,32,2025,4200,8500),(33,33,2025,3800,7900),(34,34,2025,2800,6100),(35,35,2025,2600,5800),
(36,36,2025,2900,6300),(37,37,2025,2400,5200),(38,38,2025,2300,5100),(39,39,2025,2500,5600),(40,40,2025,2700,5900),
(41,41,2025,2600,5700),(42,42,2025,2400,5300),(43,43,2025,3100,6800),(44,44,2025,3000,6600),(45,45,2025,2800,6200),
(46,46,2025,2500,5500),(47,47,2025,2900,6400),(48,48,2025,2700,6000),(49,49,2025,2400,5300),(50,50,2025,2600,5800),
(51,51,2025,2300,5100),(52,52,2025,2800,6200),(53,53,2025,2400,5300),(54,54,2025,2500,5500),(55,55,2025,2200,4900),
(56,56,2025,2700,6000),(57,57,2025,2500,5600),(58,58,2025,2600,5800),(59,59,2025,2300,5100),(60,60,2025,2400,5300),
(61,61,2025,2900,6400),(62,62,2025,3100,6800),(63,63,2025,3000,6600),(64,64,2025,2900,6400),(65,65,2025,2800,6200),
(66,66,2025,2900,6400),(67,67,2025,2800,6200),(68,68,2025,2600,5800),(69,69,2025,2500,5600),(70,70,2025,2600,5800),
(71,71,2025,2500,5600),(72,72,2025,2600,5800),(73,73,2025,2200,4900),(74,74,2025,2100,4700),(75,75,2025,2000,4500),
(76,76,2025,2300,5100),(77,77,2025,2400,5300),(78,78,2025,2500,5500),(79,79,2025,2400,5300),(80,80,2025,2500,5500),
(81,81,2025,2400,5300),(82,82,2025,2600,5800),(83,83,2025,2500,5600),(84,84,2025,2400,5300),(85,85,2025,2500,5500),
(86,86,2025,2600,5800),(87,87,2025,2400,5300),(88,88,2025,2300,5100),(89,89,2025,2400,5300),(90,90,2025,2500,5500),
(91,91,2025,2300,5100),(92,92,2025,2400,5300),(93,93,2025,2300,5100),(94,94,2025,2200,4900),(95,95,2025,2300,5100),
(96,96,2025,2100,4700),(97,97,2025,2300,5100),(98,98,2025,2200,4900),(99,99,2025,2100,4700),(100,100,2025,2200,4900);
